workload,structure,n,m,run,time_ns,accesses,comparisons,movements,checksum
access,LinkedList,100,10000,1,701400,511326,0,0,10508545759604
access,DynamicArray,100,10000,1,415900,10000,0,0,10508545759604
search,LinkedList,100,1000,1,227200,75777,75777,0,500
search,DynamicArray,100,1000,1,117900,75777,75777,0,500
insert_front,LinkedList,100,1000,1,63400,0,0,0,0
insert_front,DynamicArray,100,1000,1,143900,601420,0,601420,0
remove_front,LinkedList,100,100,1,28900,100,0,0,104441397910
remove_front,DynamicArray,100,100,1,6200,5050,0,4950,104441397910
insert_middle,LinkedList,100,1000,1,103800,50000,0,0,0
insert_middle,DynamicArray,100,1000,1,133000,551420,0,551420,0
remove_middle,LinkedList,100,50,1,24800,2550,0,0,48798640348
remove_middle,DynamicArray,100,50,1,3800,1275,0,1225,48798640348
heap_insert,MinHeap,100,100,1,8500,0,223,380,14436400
heap_extract,MinHeap,100,100,1,9100,0,838,812,104441397910
access,DynamicArray,100,10000,2,308400,10000,0,0,10508545759604
access,LinkedList,100,10000,2,1113300,511326,0,0,10508545759604
search,DynamicArray,100,1000,2,83100,75777,75777,0,500
search,LinkedList,100,1000,2,236900,75777,75777,0,500
insert_front,DynamicArray,100,1000,2,187800,601420,0,601420,0
insert_front,LinkedList,100,1000,2,56900,0,0,0,0
remove_front,DynamicArray,100,100,2,6100,5050,0,4950,104441397910
remove_front,LinkedList,100,100,2,6300,100,0,0,104441397910
insert_middle,DynamicArray,100,1000,2,104800,551420,0,551420,0
insert_middle,LinkedList,100,1000,2,80100,50000,0,0,0
remove_middle,DynamicArray,100,50,2,3100,1275,0,1225,48798640348
remove_middle,LinkedList,100,50,2,17200,2550,0,0,48798640348
heap_insert,MinHeap,100,100,2,2700,0,223,380,14436400
heap_extract,MinHeap,100,100,2,4500,0,838,812,104441397910
access,LinkedList,100,10000,3,830800,511326,0,0,10508545759604
access,DynamicArray,100,10000,3,256600,10000,0,0,10508545759604
search,LinkedList,100,1000,3,156700,75777,75777,0,500
search,DynamicArray,100,1000,3,64900,75777,75777,0,500
insert_front,LinkedList,100,1000,3,24800,0,0,0,0
insert_front,DynamicArray,100,1000,3,83700,601420,0,601420,0
remove_front,LinkedList,100,100,3,2900,100,0,0,104441397910
remove_front,DynamicArray,100,100,3,5300,5050,0,4950,104441397910
insert_middle,LinkedList,100,1000,3,69800,50000,0,0,0
insert_middle,DynamicArray,100,1000,3,88400,551420,0,551420,0
remove_middle,LinkedList,100,50,3,4400,2550,0,0,48798640348
remove_middle,DynamicArray,100,50,3,2500,1275,0,1225,48798640348
heap_insert,MinHeap,100,100,3,2200,0,223,380,14436400
heap_extract,MinHeap,100,100,3,3800,0,838,812,104441397910
access,DynamicArray,100,10000,4,242600,10000,0,0,10508545759604
access,LinkedList,100,10000,4,831700,511326,0,0,10508545759604
search,DynamicArray,100,1000,4,71500,75777,75777,0,500
search,LinkedList,100,1000,4,176800,75777,75777,0,500
insert_front,DynamicArray,100,1000,4,130200,601420,0,601420,0
insert_front,LinkedList,100,1000,4,66000,0,0,0,0
remove_front,DynamicArray,100,100,4,5600,5050,0,4950,104441397910
remove_front,LinkedList,100,100,4,2900,100,0,0,104441397910
insert_middle,DynamicArray,100,1000,4,101200,551420,0,551420,0
insert_middle,LinkedList,100,1000,4,78400,50000,0,0,0
remove_middle,DynamicArray,100,50,4,2700,1275,0,1225,48798640348
remove_middle,LinkedList,100,50,4,4600,2550,0,0,48798640348
heap_insert,MinHeap,100,100,4,2400,0,223,380,14436400
heap_extract,MinHeap,100,100,4,3900,0,838,812,104441397910
access,LinkedList,100,10000,5,909800,511326,0,0,10508545759604
access,DynamicArray,100,10000,5,234500,10000,0,0,10508545759604
search,LinkedList,100,1000,5,154900,75777,75777,0,500
search,DynamicArray,100,1000,5,65600,75777,75777,0,500
insert_front,LinkedList,100,1000,5,26200,0,0,0,0
insert_front,DynamicArray,100,1000,5,87800,601420,0,601420,0
remove_front,LinkedList,100,100,5,2300,100,0,0,104441397910
remove_front,DynamicArray,100,100,5,4200,5050,0,4950,104441397910
insert_middle,LinkedList,100,1000,5,54200,50000,0,0,0
insert_middle,DynamicArray,100,1000,5,78700,551420,0,551420,0
remove_middle,LinkedList,100,50,5,4100,2550,0,0,48798640348
remove_middle,DynamicArray,100,50,5,2100,1275,0,1225,48798640348
heap_insert,MinHeap,100,100,5,1600,0,223,380,14436400
heap_extract,MinHeap,100,100,5,3100,0,838,812,104441397910
access,LinkedList,1000,10000,1,9091500,5015778,0,0,10078386267848
access,DynamicArray,1000,10000,1,243700,10000,0,0,10078386267848
search,LinkedList,1000,1000,1,1261600,735831,735831,0,500
search,DynamicArray,1000,1000,1,511000,735831,735831,0,500
insert_front,LinkedList,1000,1000,1,22200,0,0,0,0
insert_front,DynamicArray,1000,1000,1,144100,1500524,0,1500524,0
remove_front,LinkedList,1000,1000,1,25600,1000,0,0,1012599586968
remove_front,DynamicArray,1000,1000,1,60900,500500,0,499500,1012599586968
insert_middle,LinkedList,1000,1000,1,826900,500000,0,0,0
insert_middle,DynamicArray,1000,1000,1,112900,1000524,0,1000524,0
remove_middle,LinkedList,1000,500,1,425000,250500,0,0,503395623958
remove_middle,DynamicArray,1000,500,1,25300,125250,0,124750,503395623958
heap_insert,MinHeap,1000,1000,1,20100,0,2259,3554,112344
heap_extract,MinHeap,1000,1000,1,59300,0,15010,14708,1012599586968
access,DynamicArray,1000,10000,2,248700,10000,0,0,10078386267848
access,LinkedList,1000,10000,2,8843600,5015778,0,0,10078386267848
search,DynamicArray,1000,1000,2,340300,735831,735831,0,500
search,LinkedList,1000,1000,2,1394500,735831,735831,0,500
insert_front,DynamicArray,1000,1000,2,144700,1500524,0,1500524,0
insert_front,LinkedList,1000,1000,2,28300,0,0,0,0
remove_front,DynamicArray,1000,1000,2,59300,500500,0,499500,1012599586968
remove_front,LinkedList,1000,1000,2,31100,1000,0,0,1012599586968
insert_middle,DynamicArray,1000,1000,2,136700,1000524,0,1000524,0
insert_middle,LinkedList,1000,1000,2,916900,500000,0,0,0
remove_middle,DynamicArray,1000,500,2,29500,125250,0,124750,503395623958
remove_middle,LinkedList,1000,500,2,564900,250500,0,0,503395623958
heap_insert,MinHeap,1000,1000,2,31400,0,2259,3554,112344
heap_extract,MinHeap,1000,1000,2,92000,0,15010,14708,1012599586968
access,LinkedList,1000,10000,3,8554100,5015778,0,0,10078386267848
access,DynamicArray,1000,10000,3,248700,10000,0,0,10078386267848
search,LinkedList,1000,1000,3,1390700,735831,735831,0,500
search,DynamicArray,1000,1000,3,370600,735831,735831,0,500
insert_front,LinkedList,1000,1000,3,37800,0,0,0,0
insert_front,DynamicArray,1000,1000,3,203900,1500524,0,1500524,0
remove_front,LinkedList,1000,1000,3,45400,1000,0,0,1012599586968
remove_front,DynamicArray,1000,1000,3,89400,500500,0,499500,1012599586968
insert_middle,LinkedList,1000,1000,3,959100,500000,0,0,0
insert_middle,DynamicArray,1000,1000,3,202300,1000524,0,1000524,0
remove_middle,LinkedList,1000,500,3,457600,250500,0,0,503395623958
remove_middle,DynamicArray,1000,500,3,31800,125250,0,124750,503395623958
heap_insert,MinHeap,1000,1000,3,25200,0,2259,3554,112344
heap_extract,MinHeap,1000,1000,3,68400,0,15010,14708,1012599586968
access,DynamicArray,1000,10000,4,270500,10000,0,0,10078386267848
access,LinkedList,1000,10000,4,9189800,5015778,0,0,10078386267848
search,DynamicArray,1000,1000,4,337000,735831,735831,0,500
search,LinkedList,1000,1000,4,1324900,735831,735831,0,500
insert_front,DynamicArray,1000,1000,4,179800,1500524,0,1500524,0
insert_front,LinkedList,1000,1000,4,26900,0,0,0,0
remove_front,DynamicArray,1000,1000,4,71300,500500,0,499500,1012599586968
remove_front,LinkedList,1000,1000,4,66800,1000,0,0,1012599586968
insert_middle,DynamicArray,1000,1000,4,198900,1000524,0,1000524,0
insert_middle,LinkedList,1000,1000,4,1034900,500000,0,0,0
remove_middle,DynamicArray,1000,500,4,38500,125250,0,124750,503395623958
remove_middle,LinkedList,1000,500,4,494800,250500,0,0,503395623958
heap_insert,MinHeap,1000,1000,4,36400,0,2259,3554,112344
heap_extract,MinHeap,1000,1000,4,88700,0,15010,14708,1012599586968
access,LinkedList,1000,10000,5,8408100,5015778,0,0,10078386267848
access,DynamicArray,1000,10000,5,217900,10000,0,0,10078386267848
search,LinkedList,1000,1000,5,1359900,735831,735831,0,500
search,DynamicArray,1000,1000,5,660800,735831,735831,0,500
insert_front,LinkedList,1000,1000,5,39600,0,0,0,0
insert_front,DynamicArray,1000,1000,5,293400,1500524,0,1500524,0
remove_front,LinkedList,1000,1000,5,29900,1000,0,0,1012599586968
remove_front,DynamicArray,1000,1000,5,61400,500500,0,499500,1012599586968
insert_middle,LinkedList,1000,1000,5,970100,500000,0,0,0
insert_middle,DynamicArray,1000,1000,5,125000,1000524,0,1000524,0
remove_middle,LinkedList,1000,500,5,429800,250500,0,0,503395623958
remove_middle,DynamicArray,1000,500,5,23500,125250,0,124750,503395623958
heap_insert,MinHeap,1000,1000,5,21700,0,2259,3554,112344
heap_extract,MinHeap,1000,1000,5,63000,0,15010,14708,1012599586968
access,LinkedList,10000,10000,1,83857700,50088255,0,0,10143314721830
access,DynamicArray,10000,10000,1,15200,10000,0,0,10143314721830
search,LinkedList,10000,1000,1,10207600,7403526,7403526,0,500
search,DynamicArray,10000,1000,1,2341200,7403526,7403526,0,500
insert_front,LinkedList,10000,1000,1,8500,0,0,0,0
insert_front,DynamicArray,10000,1000,1,635400,10499500,0,10499500,0
remove_front,LinkedList,10000,1000,1,3600,1000,0,0,1012599586968
remove_front,DynamicArray,10000,1000,1,450100,9500500,0,9499500,1012599586968
insert_middle,LinkedList,10000,1000,1,6688200,5000000,0,0,0
insert_middle,DynamicArray,10000,1000,1,199800,5499500,0,5499500,0
remove_middle,LinkedList,10000,1000,1,7237200,5001000,0,0,1000225508052
remove_middle,DynamicArray,10000,1000,1,221900,4500500,0,4499500,1000225508052
heap_insert,MinHeap,10000,10000,1,161600,0,22880,42156,112344
heap_extract,MinHeap,10000,10000,1,680200,0,216619,213584,10096952163946
access,DynamicArray,10000,10000,2,29100,10000,0,0,10143314721830
access,LinkedList,10000,10000,2,84000900,50088255,0,0,10143314721830
search,DynamicArray,10000,1000,2,2466200,7403526,7403526,0,500
search,LinkedList,10000,1000,2,12447800,7403526,7403526,0,500
insert_front,DynamicArray,10000,1000,2,570400,10499500,0,10499500,0
insert_front,LinkedList,10000,1000,2,19600,0,0,0,0
remove_front,DynamicArray,10000,1000,2,316700,9500500,0,9499500,1012599586968
remove_front,LinkedList,10000,1000,2,16800,1000,0,0,1012599586968
insert_middle,DynamicArray,10000,1000,2,313400,5499500,0,5499500,0
insert_middle,LinkedList,10000,1000,2,12085400,5000000,0,0,0
remove_middle,DynamicArray,10000,1000,2,176500,4500500,0,4499500,1000225508052
remove_middle,LinkedList,10000,1000,2,6650800,5001000,0,0,1000225508052
heap_insert,MinHeap,10000,10000,2,169700,0,22880,42156,112344
heap_extract,MinHeap,10000,10000,2,856700,0,216619,213584,10096952163946
access,LinkedList,10000,10000,3,85731300,50088255,0,0,10143314721830
access,DynamicArray,10000,10000,3,11300,10000,0,0,10143314721830
search,LinkedList,10000,1000,3,12536000,7403526,7403526,0,500
search,DynamicArray,10000,1000,3,2705400,7403526,7403526,0,500
insert_front,LinkedList,10000,1000,3,6900,0,0,0,0
insert_front,DynamicArray,10000,1000,3,485900,10499500,0,10499500,0
remove_front,LinkedList,10000,1000,3,2200,1000,0,0,1012599586968
remove_front,DynamicArray,10000,1000,3,317300,9500500,0,9499500,1012599586968
insert_middle,LinkedList,10000,1000,3,9513400,5000000,0,0,0
insert_middle,DynamicArray,10000,1000,3,302900,5499500,0,5499500,0
remove_middle,LinkedList,10000,1000,3,5827800,5001000,0,0,1000225508052
remove_middle,DynamicArray,10000,1000,3,154500,4500500,0,4499500,1000225508052
heap_insert,MinHeap,10000,10000,3,258400,0,22880,42156,112344
heap_extract,MinHeap,10000,10000,3,850400,0,216619,213584,10096952163946
access,DynamicArray,10000,10000,4,81400,10000,0,0,10143314721830
access,LinkedList,10000,10000,4,84758500,50088255,0,0,10143314721830
search,DynamicArray,10000,1000,4,2750000,7403526,7403526,0,500
search,LinkedList,10000,1000,4,11003400,7403526,7403526,0,500
insert_front,DynamicArray,10000,1000,4,979700,10499500,0,10499500,0
insert_front,LinkedList,10000,1000,4,27500,0,0,0,0
remove_front,DynamicArray,10000,1000,4,371900,9500500,0,9499500,1012599586968
remove_front,LinkedList,10000,1000,4,9100,1000,0,0,1012599586968
insert_middle,DynamicArray,10000,1000,4,344700,5499500,0,5499500,0
insert_middle,LinkedList,10000,1000,4,7201800,5000000,0,0,0
remove_middle,DynamicArray,10000,1000,4,271900,4500500,0,4499500,1000225508052
remove_middle,LinkedList,10000,1000,4,10494300,5001000,0,0,1000225508052
heap_insert,MinHeap,10000,10000,4,346200,0,22880,42156,112344
heap_extract,MinHeap,10000,10000,4,710300,0,216619,213584,10096952163946
access,LinkedList,10000,10000,5,101181900,50088255,0,0,10143314721830
access,DynamicArray,10000,10000,5,16200,10000,0,0,10143314721830
search,LinkedList,10000,1000,5,13692100,7403526,7403526,0,500
search,DynamicArray,10000,1000,5,4912500,7403526,7403526,0,500
insert_front,LinkedList,10000,1000,5,9400,0,0,0,0
insert_front,DynamicArray,10000,1000,5,491400,10499500,0,10499500,0
remove_front,LinkedList,10000,1000,5,2400,1000,0,0,1012599586968
remove_front,DynamicArray,10000,1000,5,827600,9500500,0,9499500,1012599586968
insert_middle,LinkedList,10000,1000,5,9730800,5000000,0,0,0
insert_middle,DynamicArray,10000,1000,5,399100,5499500,0,5499500,0
remove_middle,LinkedList,10000,1000,5,9360600,5001000,0,0,1000225508052
remove_middle,DynamicArray,10000,1000,5,318300,4500500,0,4499500,1000225508052
heap_insert,MinHeap,10000,10000,5,181900,0,22880,42156,112344
heap_extract,MinHeap,10000,10000,5,871400,0,216619,213584,10096952163946
access,LinkedList,100000,10000,1,989321100,500205159,0,0,10028440673744
access,DynamicArray,100000,10000,1,18300,10000,0,0,10028440673744
search,LinkedList,100000,1000,1,115370300,75142863,75142863,0,500
search,DynamicArray,100000,1000,1,23478700,75142863,75142863,0,500
insert_front,LinkedList,100000,1000,1,12700,0,0,0,0
insert_front,DynamicArray,100000,1000,1,6505800,100499500,0,100499500,0
remove_front,LinkedList,100000,1000,1,4100,1000,0,0,1012599586968
remove_front,DynamicArray,100000,1000,1,8523900,99500500,0,99499500,1012599586968
insert_middle,LinkedList,100000,1000,1,102140900,50000000,0,0,0
insert_middle,DynamicArray,100000,1000,1,2780800,50499500,0,50499500,0
remove_middle,LinkedList,100000,1000,1,110955600,50001000,0,0,1001429655166
remove_middle,DynamicArray,100000,1000,1,3114300,49500500,0,49499500,1001429655166
heap_insert,MinHeap,100000,100000,1,2203600,0,228298,387682,19476
heap_extract,MinHeap,100000,100000,1,8372800,0,2831742,2801808,100164319694618
access,DynamicArray,100000,10000,2,14500,10000,0,0,10028440673744
access,LinkedList,100000,10000,2,1061730000,500205159,0,0,10028440673744
search,DynamicArray,100000,1000,2,28262900,75142863,75142863,0,500
search,LinkedList,100000,1000,2,192792500,75142863,75142863,0,500
insert_front,DynamicArray,100000,1000,2,7173300,100499500,0,100499500,0
insert_front,LinkedList,100000,1000,2,3200,0,0,0,0
remove_front,DynamicArray,100000,1000,2,6435900,99500500,0,99499500,1012599586968
remove_front,LinkedList,100000,1000,2,4200,1000,0,0,1012599586968
insert_middle,DynamicArray,100000,1000,2,2845900,50499500,0,50499500,0
insert_middle,LinkedList,100000,1000,2,104101000,50000000,0,0,0
remove_middle,DynamicArray,100000,1000,2,3280100,49500500,0,49499500,1001429655166
remove_middle,LinkedList,100000,1000,2,95204100,50001000,0,0,1001429655166
heap_insert,MinHeap,100000,100000,2,2392100,0,228298,387682,19476
heap_extract,MinHeap,100000,100000,2,8729900,0,2831742,2801808,100164319694618
access,LinkedList,100000,10000,3,990233900,500205159,0,0,10028440673744
access,DynamicArray,100000,10000,3,33600,10000,0,0,10028440673744
search,LinkedList,100000,1000,3,140434000,75142863,75142863,0,500
search,DynamicArray,100000,1000,3,30743100,75142863,75142863,0,500
insert_front,LinkedList,100000,1000,3,6000,0,0,0,0
insert_front,DynamicArray,100000,1000,3,16303400,100499500,0,100499500,0
remove_front,LinkedList,100000,1000,3,4000,1000,0,0,1012599586968
remove_front,DynamicArray,100000,1000,3,14740700,99500500,0,99499500,1012599586968
insert_middle,LinkedList,100000,1000,3,83852200,50000000,0,0,0
insert_middle,DynamicArray,100000,1000,3,3354600,50499500,0,50499500,0
remove_middle,LinkedList,100000,1000,3,105723500,50001000,0,0,1001429655166
remove_middle,DynamicArray,100000,1000,3,3041900,49500500,0,49499500,1001429655166
heap_insert,MinHeap,100000,100000,3,1642200,0,228298,387682,19476
heap_extract,MinHeap,100000,100000,3,8373200,0,2831742,2801808,100164319694618
access,DynamicArray,100000,10000,4,14300,10000,0,0,10028440673744
access,LinkedList,100000,10000,4,1031706100,500205159,0,0,10028440673744
search,DynamicArray,100000,1000,4,36975600,75142863,75142863,0,500
search,LinkedList,100000,1000,4,167663500,75142863,75142863,0,500
insert_front,DynamicArray,100000,1000,4,14253500,100499500,0,100499500,0
insert_front,LinkedList,100000,1000,4,69400,0,0,0,0
remove_front,DynamicArray,100000,1000,4,11362600,99500500,0,99499500,1012599586968
remove_front,LinkedList,100000,1000,4,3600,1000,0,0,1012599586968
insert_middle,DynamicArray,100000,1000,4,2781600,50499500,0,50499500,0
insert_middle,LinkedList,100000,1000,4,83707500,50000000,0,0,0
remove_middle,DynamicArray,100000,1000,4,6130900,49500500,0,49499500,1001429655166
remove_middle,LinkedList,100000,1000,4,98680100,50001000,0,0,1001429655166
heap_insert,MinHeap,100000,100000,4,1559300,0,228298,387682,19476
heap_extract,MinHeap,100000,100000,4,9002800,0,2831742,2801808,100164319694618
access,LinkedList,100000,10000,5,963747100,500205159,0,0,10028440673744
access,DynamicArray,100000,10000,5,21600,10000,0,0,10028440673744
search,LinkedList,100000,1000,5,140719800,75142863,75142863,0,500
search,DynamicArray,100000,1000,5,26480400,75142863,75142863,0,500
insert_front,LinkedList,100000,1000,5,4800,0,0,0,0
insert_front,DynamicArray,100000,1000,5,9243900,100499500,0,100499500,0
remove_front,LinkedList,100000,1000,5,5100,1000,0,0,1012599586968
remove_front,DynamicArray,100000,1000,5,15750400,99500500,0,99499500,1012599586968
insert_middle,LinkedList,100000,1000,5,63718800,50000000,0,0,0
insert_middle,DynamicArray,100000,1000,5,8471100,50499500,0,50499500,0
remove_middle,LinkedList,100000,1000,5,92592100,50001000,0,0,1001429655166
remove_middle,DynamicArray,100000,1000,5,5393100,49500500,0,49499500,1001429655166
heap_insert,MinHeap,100000,100000,5,2181800,0,228298,387682,19476
heap_extract,MinHeap,100000,100000,5,14094500,0,2831742,2801808,100164319694618
