workload,structure,n,m,repetitions,mean_ms,stddev_ms,min_ms,max_ms,accesses,comparisons,movements,theory
access,LinkedList,100,10000,5,0.869980,0.187241,0.563700,1.075000,511326,0,0,Theta(m*n)
access,DynamicArray,100,10000,5,0.380380,0.191255,0.277100,0.721000,10000,0,0,Theta(m)
search,LinkedList,100,1000,5,0.206400,0.040787,0.162900,0.256700,75777,75777,0,Theta(m*n)
search,DynamicArray,100,1000,5,0.083440,0.021432,0.068200,0.119000,75777,75777,0,Theta(m*n)
insert_front,LinkedList,100,1000,5,0.043100,0.016722,0.024600,0.062700,0,0,0,Theta(m)
insert_front,DynamicArray,100,1000,5,0.103940,0.014212,0.086900,0.126400,601420,0,601420,Theta(m*(n+m))
remove_front,LinkedList,100,100,5,0.009060,0.009690,0.002700,0.025500,100,0,0,Theta(m)
remove_front,DynamicArray,100,100,5,0.006120,0.001618,0.005200,0.009000,5050,0,4950,Theta(m*n)
insert_middle,LinkedList,100,1000,5,0.088560,0.029323,0.061800,0.137700,50000,0,0,Theta(m*n)
insert_middle,DynamicArray,100,1000,5,0.136420,0.067731,0.087800,0.246700,551420,0,551420,Theta(m*(n+m))
remove_middle,LinkedList,100,50,5,0.017700,0.022887,0.005000,0.058200,2550,0,0,Theta(m*n)
remove_middle,DynamicArray,100,50,5,0.003160,0.000391,0.002600,0.003500,1275,0,1225,Theta(m*n)
heap_insert,MinHeap,100,100,5,0.008860,0.005558,0.004600,0.016500,0,223,380,expected Theta(n); worst Theta(n log n)
heap_extract,MinHeap,100,100,5,0.017440,0.023386,0.006000,0.059200,0,838,812,expected/worst Theta(n log n)
access,LinkedList,1000,10000,5,9.182560,0.677046,8.448900,10.275400,5015778,0,0,Theta(m*n)
access,DynamicArray,1000,10000,5,0.281000,0.150120,0.029000,0.414600,10000,0,0,Theta(m)
search,LinkedList,1000,1000,5,1.417860,0.128413,1.225400,1.573900,735831,735831,0,Theta(m*n)
search,DynamicArray,1000,1000,5,0.494120,0.145852,0.333800,0.687900,735831,735831,0,Theta(m*n)
insert_front,LinkedList,1000,1000,5,0.029620,0.011100,0.019000,0.046500,0,0,0,Theta(m)
insert_front,DynamicArray,1000,1000,5,0.215080,0.081922,0.138700,0.330400,1500524,0,1500524,Theta(m*(n+m))
remove_front,LinkedList,1000,1000,5,0.034900,0.008293,0.023200,0.042500,1000,0,0,Theta(m)
remove_front,DynamicArray,1000,1000,5,0.072860,0.018690,0.052600,0.093900,500500,0,499500,Theta(m*n)
insert_middle,LinkedList,1000,1000,5,0.922020,0.129727,0.765300,1.109000,500000,0,0,Theta(m*n)
insert_middle,DynamicArray,1000,1000,5,0.167560,0.072746,0.106700,0.281900,1000524,0,1000524,Theta(m*(n+m))
remove_middle,LinkedList,1000,500,5,0.471500,0.069982,0.400800,0.571400,250500,0,0,Theta(m*n)
remove_middle,DynamicArray,1000,500,5,0.030060,0.007291,0.022500,0.042000,125250,0,124750,Theta(m*n)
heap_insert,MinHeap,1000,1000,5,0.023520,0.002837,0.019000,0.026700,0,2259,3554,expected Theta(n); worst Theta(n log n)
heap_extract,MinHeap,1000,1000,5,0.065900,0.006723,0.055800,0.073200,0,15010,14708,expected/worst Theta(n log n)
access,LinkedList,10000,10000,5,87.666120,5.870181,81.411200,95.443800,50088255,0,0,Theta(m*n)
access,DynamicArray,10000,10000,5,0.055420,0.022386,0.027900,0.079700,10000,0,0,Theta(m)
search,LinkedList,10000,1000,5,12.657580,1.825655,10.516300,15.363400,7403526,7403526,0,Theta(m*n)
search,DynamicArray,10000,1000,5,3.692120,1.229391,2.466800,5.357100,7403526,7403526,0,Theta(m*n)
insert_front,LinkedList,10000,1000,5,0.015760,0.006491,0.007400,0.025500,0,0,0,Theta(m)
insert_front,DynamicArray,10000,1000,5,0.571980,0.207097,0.367600,0.870500,10499500,0,10499500,Theta(m*(n+m))
remove_front,LinkedList,10000,1000,5,0.008840,0.009701,0.001900,0.025200,1000,0,0,Theta(m)
remove_front,DynamicArray,10000,1000,5,0.454340,0.201044,0.302600,0.796200,9500500,0,9499500,Theta(m*n)
insert_middle,LinkedList,10000,1000,5,9.586420,2.589843,6.922200,12.220500,5000000,0,0,Theta(m*n)
insert_middle,DynamicArray,10000,1000,5,0.296260,0.087615,0.204500,0.417100,5499500,0,5499500,Theta(m*(n+m))
remove_middle,LinkedList,10000,1000,5,9.218880,2.466675,6.461300,12.177100,5001000,0,0,Theta(m*n)
remove_middle,DynamicArray,10000,1000,5,0.264720,0.098635,0.195900,0.435900,4500500,0,4499500,Theta(m*n)
heap_insert,MinHeap,10000,10000,5,0.202120,0.042107,0.168700,0.250700,0,22880,42156,expected Theta(n); worst Theta(n log n)
heap_extract,MinHeap,10000,10000,5,0.811440,0.158904,0.663200,1.031100,0,216619,213584,expected/worst Theta(n log n)
access,LinkedList,100000,10000,5,1115.919180,82.864584,1006.710400,1188.960600,500205159,0,0,Theta(m*n)
access,DynamicArray,100000,10000,5,0.044380,0.039562,0.015500,0.102900,10000,0,0,Theta(m)
search,LinkedList,100000,1000,5,175.005940,4.529772,168.848200,179.726100,75142863,75142863,0,Theta(m*n)
search,DynamicArray,100000,1000,5,26.905220,2.315656,24.824600,30.477700,75142863,75142863,0,Theta(m*n)
insert_front,LinkedList,100000,1000,5,0.006840,0.003108,0.004100,0.010900,0,0,0,Theta(m)
insert_front,DynamicArray,100000,1000,5,7.041420,0.956557,6.333300,8.654300,100499500,0,100499500,Theta(m*(n+m))
remove_front,LinkedList,100000,1000,5,0.004700,0.001327,0.002900,0.006500,1000,0,0,Theta(m)
remove_front,DynamicArray,100000,1000,5,7.528780,1.430230,6.346700,9.433000,99500500,0,99499500,Theta(m*n)
insert_middle,LinkedList,100000,1000,5,101.765540,13.899078,86.235700,116.426700,50000000,0,0,Theta(m*n)
insert_middle,DynamicArray,100000,1000,5,3.539780,0.396732,3.075100,4.018000,50499500,0,50499500,Theta(m*(n+m))
remove_middle,LinkedList,100000,1000,5,103.433900,12.459232,88.319000,114.329900,50001000,0,0,Theta(m*n)
remove_middle,DynamicArray,100000,1000,5,3.190920,0.089321,3.091500,3.290400,49500500,0,49499500,Theta(m*n)
heap_insert,MinHeap,100000,100000,5,1.705400,0.417519,1.453700,2.445700,0,228298,387682,expected Theta(n); worst Theta(n log n)
heap_extract,MinHeap,100000,100000,5,9.269340,0.606606,8.434200,10.023900,0,2831742,2801808,expected/worst Theta(n log n)
